,country,Surface area (km2),Population in thousands (2017),"Population density (per km2, 2017)",GDP: Gross domestic product (million current US$),"GDP growth rate (annual %, const. 2005 prices)",GDP per capita (current US$),Economy: Agriculture (% of GVA),Economy: Industry (% of GVA),Economy: Services and other activity (% of GVA),Employment: Agriculture (% of employed),Employment: Industry (% of employed),Employment: Services (% of employed),Unemployment (% of labour force),Agricultural production index (2004-2006=100),Food production index (2004-2006=100),International trade: Exports (million US$),International trade: Imports (million US$),Population growth rate (average annual %),Urban population (% of total population),Urban population growth rate (average annual %),"Population age distribution (0-14  years, %)","Population age distribution (60+ years, %)",Health: Total expenditure (% of GDP),Health: Physicians (per 1000 pop.),Education: Government expenditure (% of GDP),"Pop. using improved drinking water (urban, %)","Pop. using improved drinking water (rural, %)","Pop. using improved sanitation facilities (urban/rural, %)",Life expectancy at birth (Female),Life expectancy at birth (Male),Education: Primary gross enrol. ratio (Female),Education: Primary gross enrol. ratio (Male),Education: Secondary gross enrol. ratio (Female),Education: Secondary gross enrol. ratio (Male),Education: Tertiary gross enrol. ratio (Female),Education: Tertiary gross enrol. ratio (Male),SouthernAsia,SouthernEurope,NorthernAfrica,Polynesia,MiddleAfrica,Caribbean,SouthAmerica,WesternAsia,Oceania,WesternEurope,EasternEurope,CentralAmerica,WesternAfrica,NorthernAmerica,SouthernAfrica,South-easternAsia,EasternAfrica,NorthernEurope,EasternAsia,Micronesia,CentralAsia,Melanesia
1,Albania,28748.0,2930,106.9,11541.0,2.6,3984.2,22.4,26.0,51.7,41.4,18.3,40.3,15.8,134.0,134.0,1962.0,4669.0,-0.1,57.4,2.2,17.4,19.0,5.9,1.3,3.5,95.5,90.2,2.96,79.9,75.6,111.7,115.5,92.5,98.8,68.1,48.7,0,1,0,0,0,0,0,0,0,0,0,0,0,0,0,0,0,0,0,0,0,0
3,American Samoa,199.0,56,278.2,1512.333333,2.4866666669999997,29491.96,5.2533333330000005,15.41333333,79.32,8.486666667,17.28666667,73.12666667,9.173333332999999,112.0,112.0,52.33333333,445.8,0.0,87.2,-0.1,33.3,9.0,7.586666667,2.02,4.8,62.5,62.5,12.714,77.8,71.1,102.05333329999999,106.36,97.67333333,96.37333333,50.08666667,34.67333333,0,0,0,1,0,0,0,0,0,0,0,0,0,0,0,0,0,0,0,0,0,0
4,Andorra,468.0,77,163.8,2812.0,0.8,39896.4,0.5,10.8,88.6,3.5333333330000003,17.63333333,76.59333333,11.26666667,105.53333329999998,106.2,100.0,1355.0,-1.6,85.1,0.1,14.4,19.0,8.1,3.7,3.3,100.0,100.0,7.870666667,80.77333333,75.23333333,101.82,105.32,99.74,97.43333333,54.03333333,34.76666667,0,1,0,0,0,0,0,0,0,0,0,0,0,0,0,0,0,0,0,0,0,0
6,Anguilla,91.0,15,165.7,320.0,2.9,21879.6,2.3,15.7,82.0,6.213333333,17.28,74.26666667,10.76,97.13333333,97.13333333,2.0,154.0,1.2,100.0,1.2,23.3,7.6,6.84,1.72,5.4,97.9,90.56,11.446,79.29333333,73.68666667,103.2066667,107.22,99.60666667,97.77333333,49.17333333,32.17333333,0,0,0,0,0,1,0,0,0,0,0,0,0,0,0,0,0,0,0,0,0,0
7,Antigua and Barbuda,442.0,102,231.8,1356.0,4.1,14764.5,1.9,18.3,79.8,8.446666667,17.80666667,71.5,11.66666667,88.0,88.0,61.0,491.0,1.1,23.8,-0.9,23.9,10.9,5.5,1.38,5.353333333,91.4,91.4,0.12,78.2,73.3,94.1,100.0,103.8,101.6,31.1,15.1,0,0,0,0,0,1,0,0,0,0,0,0,0,0,0,0,0,0,0,0,0,0
9,Armenia,29743.0,2930,102.9,10529.0,3.0,3489.1,19.0,28.3,52.8,35.0,15.7,49.3,16.6,135.0,135.0,1776.0,3230.0,0.3,62.7,-0.1,20.0,16.9,4.5,2.8,2.8,96.2,78.2,3.17,77.0,70.6,98.5,98.5,89.0,88.1,46.9,41.6,0,0,0,0,0,0,0,1,0,0,0,0,0,0,0,0,0,0,0,0,0,0
10,Aruba,180.0,105,584.8,2702.0,0.1,26005.4,0.5,15.4,84.1,0.6,14.0,85.1,10.52666667,101.7333333,101.7333333,95.0,1117.0,0.5,41.5,-0.3,17.9,19.7,6.613333333,1.766666667,6.2,97.7,97.7,6.417333332999999,77.8,72.9,115.4,119.1,112.1,110.3,21.4,9.4,0,0,0,0,0,1,0,0,0,0,0,0,0,0,0,0,0,0,0,0,0,0
13,Azerbaijan,86600.0,9828,118.9,53049.0,0.7,5438.7,6.7,49.9,43.4,36.7,14.2,49.1,5.2,131.0,136.0,9143.0,8532.0,1.3,54.6,1.6,23.3,10.1,6.0,3.4,2.6,91.6,86.6,0.14,74.6,68.6,105.6,107.4,92.08666667,89.76,27.5,23.6,0,0,0,0,0,0,0,1,0,0,0,0,0,0,0,0,0,0,0,0,0,0
14,Bahamas,13940.0,395,39.5,8854.0,-1.7,22817.2,1.6,12.7,85.7,3.9,14.2,81.9,14.7,132.0,132.0,365.0,2904.0,1.4,82.9,1.5,20.5,13.5,7.7,1.553333333,5.506666667,92.0,92.0,2.862666667,78.1,72.0,101.2333333,104.42,98.66,95.46,42.36,25.37333333,0,0,0,0,0,1,0,0,0,0,0,0,0,0,0,0,0,0,0,0,0,0
15,Bahrain,771.0,1493,1963.9,31126.0,2.9,22600.2,0.3,40.7,59.0,1.0,33.4,65.6,1.3,167.0,167.0,12892.0,14749.0,2.0,88.8,1.7,19.7,4.6,5.0,0.9,2.7,99.2,99.2,2.898666667,77.5,75.6,101.8,100.6,101.9,102.4,59.4,30.9,0,0,0,0,0,0,0,1,0,0,0,0,0,0,0,0,0,0,0,0,0,0
17,Barbados,431.0,286,664.5,4385.0,0.9,15429.4,1.7,12.1,86.2,2.8,19.3,77.9,11.3,88.0,88.0,517.0,1621.0,0.3,31.5,0.1,19.1,21.0,7.5,1.553333333,6.6,96.2,96.2,6.417333332999999,77.7,72.9,94.2,93.1,110.7,107.9,90.6,40.3,0,0,0,0,0,1,0,0,0,0,0,0,0,0,0,0,0,0,0,0,0,0
18,Belarus,207600.0,9468,46.7,54609.0,-3.9,5750.8,7.5,38.9,53.6,9.6,32.0,58.4,0.5,122.0,122.0,23414.0,27464.0,0.0,76.7,0.0,16.7,21.3,5.7,4.1,4.9,94.1,95.2,0.2,77.7,66.5,101.3,101.4,106.4,107.8,100.7,75.9,0,0,0,0,0,0,0,0,0,0,1,0,0,0,0,0,0,0,0,0,0,0
20,Belize,22966.0,375,16.4,1721.0,1.2,4789.4,14.6,18.5,66.9,16.1,15.9,67.9,11.5,97.0,97.0,246.0,952.0,2.2,44.0,1.9,31.4,6.2,5.8,1.146666667,6.4,93.5,88.2,1.68,72.7,67.2,110.4,115.8,81.8,79.8,28.7,17.9,0,0,0,0,0,0,0,0,0,0,0,1,0,0,0,0,0,0,0,0,0,0
21,Benin,114763.0,11176,99.1,8476.0,5.2,779.1,23.2,24.9,51.9,43.2,10.2,46.6,1.0,152.0,158.0,410.0,2630.0,2.8,44.0,3.7,42.7,5.0,4.6,0.1,4.4,35.6,7.3,5.09,61.4,58.5,123.7,134.2,46.8,66.7,8.4,22.4,0,0,0,0,0,0,0,0,0,0,0,0,1,0,0,0,0,0,0,0,0,0
22,Bermuda,53.0,61,1227.0,5853.0,0.4,94399.9,0.7,5.3,94.0,1.6,10.3,87.6,6.7,115.0,115.0,8.0,971.0,-0.6,100.0,0.2,14.8,24.9,6.613333333,2.386666667,1.7,93.96,91.76666667,4.498666667,85.1,77.5,89.4,91.3,75.5,67.7,34.1,14.7,0,0,0,0,0,0,0,0,0,0,0,0,0,1,0,0,0,0,0,0,0,0
23,Bhutan,38394.0,808,21.2,2074.0,5.2,2677.1,17.2,43.9,38.8,56.6,9.7,33.7,2.4,98.0,98.0,616.0,1688.0,1.6,38.6,3.7,26.5,7.3,3.6,0.3,7.4,77.9,33.1,5.26,68.9,68.6,96.9,96.6,87.1,81.4,9.2,12.6,1,0,0,0,0,0,0,0,0,0,0,0,0,0,0,0,0,0,0,0,0,0
24,Bolivia (Plurinational State of),1098581.0,11052,10.2,32998.0,4.8,3076.8,12.6,31.0,56.5,29.5,21.1,49.4,3.8,142.0,143.0,6969.0,8374.0,1.6,68.5,2.3,31.6,9.5,6.3,0.5,7.3,60.8,27.5,2.38,70.2,65.3,95.7,98.5,85.7,87.1,18.24666667,18.44,0,0,0,0,0,0,1,0,0,0,0,0,0,0,0,0,0,0,0,0,0,0
25,"Bonaire, Sint Eustatius and Saba",145611.1333,25,77.4,1393.333333,2.28,31032.2,6.606666667000001,14.72666667,78.66,13.29333333,17.48666667,71.46666667,7.333333333,98.86666667,99.53333333,286.4,763.8,3.2,74.7,2.4,22.37333333,14.26,7.7,1.733333333,4.92,90.3,85.15333333,10.08733333,76.77333333,70.95333333,103.0466667,106.32666670000002,97.5,96.06666667,49.45333333,35.09333333,0,0,0,0,0,0,0,0,0,0,0,0,0,0,0,0,0,0,0,0,0,0
26,Bosnia and Herzegovina,51209.0,3507,68.8,16251.0,3.1,4265.0,7.3,26.5,66.2,18.0,30.4,51.7,25.4,96.0,97.0,5327.0,9130.0,-1.0,39.8,0.1,14.1,23.4,9.6,1.9,4.46,98.9,92.0,2.2,78.8,73.7,107.20666670000001,107.99333329999999,74.79333333,75.15333333,34.72,27.8,0,1,0,0,0,0,0,0,0,0,0,0,0,0,0,0,0,0,0,0,0,0
27,Botswana,582000.0,2292,4.0,14391.0,-0.3,6360.6,2.4,33.4,64.2,25.7,14.9,59.4,18.6,110.0,110.0,7321.0,6103.0,1.8,57.4,1.3,31.4,6.4,5.4,0.4,4.153333333,78.5,43.1,0.46,66.1,59.8,105.8,109.4,52.26666667,59.04666667,27.7,19.2,0,0,0,0,0,0,0,0,0,0,0,0,0,0,1,0,0,0,0,0,0,0
29,British Virgin Islands,151.0,31,208.0,908.0,-1.1,30144.5,1.0,11.1,87.8,3.9933333330000003,18.12,75.65333333,10.41333333,103.0,103.0,0.0,444.0,2.0,46.2,1.8,22.67333333,18.5,6.613333333,1.766666667,6.6,97.5,97.5,7.865333333,79.29333333,73.68666667,102.06,105.82,98.76666667,96.46,54.03333333,34.76666667,0,0,0,0,0,1,0,0,0,0,0,0,0,0,0,0,0,0,0,0,0,0
30,Brunei Darussalam,5765.0,429,81.3,12930.0,-0.6,30552.7,1.1,60.2,38.7,0.6,19.4,80.1,2.1,157.0,157.0,4875.0,2679.0,1.4,77.2,1.8,23.0,8.0,2.6,1.5,4.4,93.42,91.03333333,3.289333333,78.4,75.1,108.2,108.1,96.3,95.9,38.6,23.5,0,0,0,0,0,0,0,0,0,0,0,0,0,0,0,1,0,0,0,0,0,0
31,Bulgaria,111002.0,7085,65.3,48953.0,3.0,6846.8,5.1,27.6,67.2,6.5,29.4,64.1,8.1,117.0,119.0,26088.0,28875.0,-0.6,73.9,-0.3,14.2,27.7,8.4,4.0,4.1,86.8,83.7,7.28,77.8,70.8,96.7,97.7,97.4,100.5,82.9,65.4,0,0,0,0,0,0,0,0,0,0,1,0,0,0,0,0,0,0,0,0,0,0
32,Burkina Faso,272967.0,19193,70.2,11065.0,4.1,611.1,34.5,21.8,43.7,80.0,4.9,15.1,2.9,131.0,134.0,2019.0,3699.0,3.0,29.9,5.9,45.2,3.9,5.0,0.0,4.1,50.4,6.7,9.11,59.3,58.0,86.1,89.9,32.2,35.1,3.8,7.3,0,0,0,0,0,0,0,0,0,0,0,0,1,0,0,0,0,0,0,0,0,0
33,Burundi,27830.0,10864,423.1,2735.0,-4.1,244.6,36.3,13.9,49.8,91.1,2.6,6.3,1.7,109.0,122.0,123.0,625.0,3.0,12.1,5.7,45.0,4.4,7.5,1.106666667,5.4,43.8,48.6,11.91,58.0,54.2,124.5,123.1,40.5,44.5,2.4,7.7,0,0,0,0,0,0,0,0,0,0,0,0,0,0,0,0,1,0,0,0,0,0
34,Cabo Verde,4033.0,546,135.6,1603.0,1.5,3080.2,9.5,19.8,70.7,27.2,11.5,61.3,10.5,98.0,98.0,29.0,485.0,1.2,65.5,2.0,30.2,6.9,4.8,0.3,5.0,81.6,54.3,9.81,74.0,70.1,106.9,112.8,98.3,87.7,25.2,18.1,0,0,0,0,0,0,0,0,0,0,0,0,1,0,0,0,0,0,0,0,0,0
35,Cambodia,181035.0,16005,90.7,18050.0,7.0,1158.7,28.2,29.4,42.3,42.4,19.6,38.0,0.3,175.0,177.0,13204.0,15313.0,1.6,20.7,2.6,31.3,7.1,5.7,0.2,1.9,88.1,30.5,3.97,69.6,65.5,116.2,117.1,74.28,74.26,11.8,14.3,0,0,0,0,0,0,0,0,0,0,0,0,0,0,0,1,0,0,0,0,0,0
38,Cayman Islands,264.0,62,256.5,3726.0,0.7,62132.0,0.3,7.5,92.2,0.8,15.5,83.6,6.3,104.0,104.0,18.0,991.0,1.5,100.0,1.5,18.3,6.7,6.446666667000001,1.84,4.386666667,95.6,91.12,4.0273333330000005,81.40666667,75.84,102.4066667,105.98,98.82666667,96.33333333,47.27333333,29.74,0,0,0,0,0,1,0,0,0,0,0,0,0,0,0,0,0,0,0,0,0,0
39,Central African Republic,622984.0,4659,7.5,1633.0,4.8,333.2,34.9,24.8,40.4,72.2,4.3,23.4,6.9,114.0,113.0,213.0,147.0,0.4,40.0,2.6,43.2,5.5,4.2,1.0,1.2,43.6,7.2,32.25,51.0,47.8,79.8,107.3,11.8,23.0,1.5,4.1,0,0,0,0,1,0,0,0,0,0,0,0,0,0,0,0,0,0,0,0,0,0
40,Chad,1284000.0,14900,11.8,10009.0,6.6,713.0,25.4,39.0,35.6,76.6,2.0,21.4,5.8,146.0,151.0,1990.0,1371.0,3.3,22.5,3.4,47.1,4.0,3.6,0.0,2.8,31.4,6.5,5.74,52.8,50.5,88.0,114.6,14.0,30.7,1.1,5.7,0,0,0,0,1,0,0,0,0,0,0,0,0,0,0,0,0,0,0,0,0,0
41,Channel Islands,180.0,165,870.1,2494.466667,3.46,24740.373330000002,4.966666667,17.21333333,77.82,5.0,24.5,70.5,8.7,100.4,100.66666670000001,364.3333333,1138.533333,0.5,31.5,0.8,14.5,24.5,8.06,2.02,4.926666667,89.60666667,89.59333333,12.714,82.4,78.7,100.05333329999999,101.94,94.83333333,92.6,46.36666667,32.22666667,0,0,0,0,0,0,0,0,0,0,0,0,0,0,0,0,0,1,0,0,0,0
44,"China, Macao SAR",30.0,623,20821.6,46178.0,-20.3,78586.4,1.266666667,6.6,93.4,0.3,17.7,82.1,3.2,86.0,86.0,1257.0,8924.0,2.3,100.0,1.8,13.3,16.1,6.226666667000001,2.46,2.0,92.76666667,90.57333333,2.750666667,86.2,80.3,99.7,101.1,95.9,97.0,86.3,65.2,0,0,0,0,0,0,0,0,0,0,0,0,0,0,0,0,0,0,0,0,0,0
47,Comoros,2235.0,814,437.4,1079.0,4.8,1368.9,30.7,4.0,65.3,62.0,5.2,32.8,20.0,107.0,107.0,20.0,193.0,2.4,28.3,2.7,39.8,4.9,6.7,1.3866666669999999,4.3,48.3,30.9,12.05,64.5,61.2,99.5,106.8,62.4,58.4,8.0,9.8,0,0,0,0,0,0,0,0,0,0,0,0,0,0,0,0,1,0,0,0,0,0
48,Congo,342000.0,5261,15.4,8493.0,1.2,1838.1,4.7,70.0,25.3,40.7,25.8,33.5,11.5,106.0,106.0,2540.0,9793.0,2.6,65.4,3.2,42.3,5.2,5.2,1.506666667,4.606666667,20.0,5.6,1.05,64.1,61.0,114.8,107.0,50.6,58.4,8.3,11.1,0,0,0,0,1,0,0,0,0,0,0,0,0,0,0,0,0,0,0,0,0,0
49,Cook Islands,236.0,17,72.4,294.0,5.5,14118.7,8.1,9.0,82.9,4.3,11.7,84.0,8.2,91.0,91.0,14.0,98.0,-1.2,74.5,0.9,26.9,14.2,3.4,1.32,3.9,97.6,97.6,10.60733333,79.6,71.7,99.3,106.0,90.1,83.0,49.5,40.1,0,0,0,1,0,0,0,0,0,0,0,0,0,0,0,0,0,0,0,0,0,0
50,Costa Rica,51100.0,4906,96.1,52958.0,3.7,11015.0,5.1,21.5,73.4,11.6,19.1,69.3,8.6,127.0,129.0,9908.0,15322.0,1.1,76.8,2.7,21.6,13.6,9.3,1.2,7.2,95.2,92.3,0.22,81.7,76.7,109.5,110.1,125.6,120.7,60.9,46.6,0,0,0,0,0,0,0,0,0,0,0,1,0,0,0,0,0,0,0,0,0,0
51,Croatia,56594.0,4189,74.9,48676.0,1.6,11479.4,4.1,26.6,69.3,9.2,26.8,64.0,11.7,91.0,91.0,13648.0,21830.0,-0.4,59.0,0.1,14.7,26.8,7.8,3.1,4.6,97.8,95.8,1.780666667,80.4,73.6,98.1,97.8,100.6,95.9,79.8,58.8,0,1,0,0,0,0,0,0,0,0,0,0,0,0,0,0,0,0,0,0,0,0
52,Cuba,109884.0,11485,107.9,87206.0,4.4,7656.6,5.0,20.5,74.5,12.9,11.7,75.3,3.0,100.0,101.0,18000.0,4911.0,0.2,77.1,0.1,16.0,20.1,11.1,7.5,4.38,94.4,89.1,2.745333333,81.3,77.1,94.9,100.1,102.7,98.2,43.0,30.1,0,0,0,0,0,1,0,0,0,0,0,0,0,0,0,0,0,0,0,0,0,0
53,Cyprus,9251.0,1180,127.7,19561.0,1.7,21941.9,2.3,10.6,87.2,4.1,16.7,79.2,10.3,80.0,80.0,1920.0,6604.0,0.9,66.9,0.9,16.8,18.5,7.4,2.5,6.1,100.0,100.0,2.991333333,82.2,77.7,99.3,99.3,99.4,100.1,69.4,51.1,0,0,0,0,0,0,0,1,0,0,0,0,0,0,0,0,0,0,0,0,0,0
58,Djibouti,23200.0,957,41.3,1737.0,6.5,1956.3,3.3,21.4,75.3,22.8,23.9,53.2,6.6,133.0,133.0,134.0,987.0,1.7,77.3,1.6,31.1,6.4,10.6,0.2,5.086666667,59.8,5.1,6.766,63.2,60.0,60.9,68.6,43.5,52.9,4.0,5.9,0,0,0,0,0,0,0,0,0,0,0,0,0,0,0,0,1,0,0,0,0,0
59,Dominica,750.0,74,98.6,512.0,-1.8,7051.1,15.4,13.2,71.5,15.05333333,16.47333333,66.24666667,11.0,110.0,111.0,23.0,214.0,0.5,69.5,0.8,23.47333333,17.39333333,5.5,1.32,4.993333333,89.85333333,83.69333333,2.36,79.34666667,73.95333333,114.8,117.2,99.8,101.2,43.1,29.07333333,0,0,0,0,0,1,0,0,0,0,0,0,0,0,0,0,0,0,0,0,0,0
60,Dominican Republic,48671.0,10767,222.8,67103.0,7.0,6373.6,6.6,28.0,65.4,13.1,16.9,70.0,14.4,136.0,138.0,3747.0,22725.0,1.2,79.0,2.6,29.3,10.2,4.4,1.5,3.9666666669999997,86.2,75.7,0.43,76.4,70.2,98.7,108.1,81.7,74.1,65.0,35.4,0,0,0,0,0,1,0,0,0,0,0,0,0,0,0,0,0,0,0,0,0,0
63,El Salvador,21041.0,6378,307.8,25850.0,2.5,4219.4,10.8,25.8,63.3,18.6,20.2,61.2,6.4,111.0,117.0,5335.0,9855.0,0.5,66.7,1.4,27.4,11.6,6.8,1.473333333,3.5,82.4,60.0,0.36,77.1,67.9,106.8,111.4,79.7,79.2,30.5,27.7,0,0,0,0,0,0,0,0,0,0,0,1,0,0,0,0,0,0,0,0,0,0
64,Equatorial Guinea,28052.0,1268,45.2,13812.0,-7.4,16344.1,1.2,73.1,25.7,18.8,18.0,63.2,7.7,117.0,118.0,7443.0,5456.0,4.2,39.9,3.1,37.2,4.4,3.8,1.72,5.2066666669999995,79.9,71.0,0.15,58.4,55.5,78.2,80.0,75.49333333,74.38666667,33.12666667,25.58666667,0,0,0,0,1,0,0,0,0,0,0,0,0,0,0,0,0,0,0,0,0,0
65,Eritrea,117600.0,5069,50.2,4783.0,4.8,914.9,17.2,23.5,59.3,57.0,7.6,35.4,7.3,109.0,109.0,16.0,3325.0,2.0,22.6,5.1,41.8,5.3,3.3,2.313333333,4.52,44.6,7.3,9.256,65.6,61.4,45.9,53.2,28.1,32.9,1.7,3.4,0,0,0,0,0,0,0,0,0,0,0,0,0,0,0,0,1,0,0,0,0,0
66,Estonia,45227.0,1310,30.9,22460.0,1.4,17112.0,3.4,27.4,69.2,3.8,29.0,67.3,7.2,136.0,136.0,13952.0,15759.0,-0.3,67.5,-0.4,16.4,25.9,6.4,3.3,5.5,97.5,96.6,5.052,81.2,71.8,98.5,98.3,114.7,115.6,84.8,55.4,0,0,0,0,0,0,0,0,0,0,0,0,0,0,0,0,0,1,0,0,0,0
68,Falkland Islands (Malvinas),12173.0,3,0.2,12803.86667,1.82,12520.58667,7.773333332999999,27.90666667,64.31333333,17.75333333,14.24,68.00666667,1.2,96.0,105.0,4.0,17.0,0.3,76.2,1.0,16.4,15.7,5.833333333,1.72,5.006666667,85.84666667,78.88666667,8.429333332999999,75.28,70.26666667,102.3133333,104.5666667,80.84666667,77.40666667,31.10666667,21.71333333,0,0,0,0,0,0,1,0,0,0,0,0,0,0,0,0,0,0,0,0,0,0
69,Faroe Islands,1393.0,49,35.3,1610.866667,4.173333333,26819.32667,7.74,19.7,72.56666667,12.65333333,16.45333333,68.64666667,4.0,102.0,102.0,1192.0,976.0,0.2,42.0,0.5,21.0,22.5,7.026666667000001,1.773333333,4.566666667,83.38,78.6,10.06933333,84.5,78.3,103.4533333,107.5,94.74,93.40666667,46.94,32.64,0,0,0,0,0,0,0,0,0,0,0,0,0,0,0,0,0,1,0,0,0,0
70,Fiji,18272.0,906,49.6,4391.0,3.6,4921.9,11.3,18.1,70.7,21.3,2.9,75.8,7.7,88.0,88.0,926.0,2316.0,0.7,53.7,1.5,28.5,9.9,4.5,1.146666667,3.9,93.4,88.4,2.46,72.9,66.9,105.1,106.0,93.4,84.3,26.20666667,20.20666667,0,0,0,0,0,0,0,0,0,0,0,0,0,0,0,0,0,0,0,0,0,1
74,French Polynesia,4000.0,283,77.3,5135.0,1.6,18161.0,2.8,11.9,85.2,8.9,16.9,74.2,17.0,98.0,98.0,173.0,1491.0,0.7,55.9,0.9,23.3,11.9,6.793333333,1.38,5.006666667,98.5,98.5,5.754,78.6,74.0,102.48,106.22,99.48,97.26666667,51.05333333,32.60666667,0,0,0,1,0,0,0,0,0,0,0,0,0,0,0,0,0,0,0,0,0,0
75,Gabon,267668.0,2025,7.9,13735.0,3.9,7960.7,3.8,54.5,41.7,16.2,19.1,64.8,18.1,97.0,92.0,2851.0,2930.0,3.3,87.2,2.7,35.9,6.4,3.4,1.326666667,2.7,43.4,31.5,0.73,65.8,63.1,139.9,144.0,66.82666667,68.12666667,26.36666667,23.00666667,0,0,0,0,1,0,0,0,0,0,0,0,0,0,0,0,0,0,0,0,0,0
76,Gambia,11295.0,2101,207.6,942.0,4.7,473.2,21.1,14.9,64.0,30.4,14.4,55.2,29.7,82.0,82.0,32.0,471.0,3.1,59.6,4.3,45.3,3.8,7.3,1.24,2.8,61.5,55.0,12.35,61.6,59.1,96.8,90.1,81.14,77.44,2.5,3.7,0,0,0,0,0,0,0,0,0,0,0,0,1,0,0,0,0,0,0,0,0,0
77,Georgia,69700.0,3912,56.3,13965.0,2.8,3491.4,9.0,24.1,66.9,44.7,11.2,44.1,11.4,85.0,86.0,2114.0,7236.0,-1.4,53.6,-0.1,19.2,20.8,7.4,4.8,2.0,95.2,75.9,3.3,77.0,68.5,118.2,115.5,103.8,103.6,47.8,39.2,0,0,0,0,0,0,0,1,0,0,0,0,0,0,0,0,0,0,0,0,0,0
80,Gibraltar,6.0,35,3457.1,1935.0666670000003,3.32,24172.626669999998,5.0,17.43333333,77.56666667,8.92,17.41333333,72.56666667,9.64,103.6,103.8666667,234.0,533.0,0.6,100.0,0.1,18.1,22.4,8.78,1.773333333,4.626666667,87.78666667,79.24,12.714,77.88666667,72.60666667,101.7333333,104.1133333,95.94666667,91.99333333,47.76,32.81333333,0,1,0,0,0,0,0,0,0,0,0,0,0,0,0,0,0,0,0,0,0,0
82,Greenland,2166086.0,56,0.1,2078.0,0.3,36976.7,10.0,15.9,74.1,4.6,12.6,82.5,9.7,99.0,99.0,553.0,623.0,-0.1,86.4,0.7,21.0,13.2,5.28,1.6533333330000002,4.2533333330000005,100.0,100.0,2.698,73.4,68.7,96.9,105.36,70.62,74.47333333,36.84666667,31.67333333,0,0,0,0,0,0,0,0,0,0,0,0,0,1,0,0,0,0,0,0,0,0
83,Grenada,345.0,108,317.1,954.0,6.2,8933.8,8.3,13.9,77.8,11.10666667,17.41333333,69.25333333,10.15333333,103.0,103.0,30.0,350.0,0.4,35.6,0.3,26.3,10.5,6.1,1.32,4.993333333,97.5,98.3,2.55,75.6,70.8,102.9,106.8,99.0,99.4,97.9,84.5,0,0,0,0,0,1,0,0,0,0,0,0,0,0,0,0,0,0,0,0,0,0
84,Guadeloupe,1705.0,450,266.0,5469.733333,3.16,14376.70667,10.81333333,14.46666667,74.74,3.3,13.5,65.5,26.1,100.0,100.0,1161.133333,2008.3333329999998,0.0,98.4,0.5,18.6,23.6,6.893333332999999,2.02,5.133333333,97.0,89.5,9.852,84.0,76.8,102.7333333,104.48,94.14,90.83333333,40.59333333,28.64,0,0,0,0,0,1,0,0,0,0,0,0,0,0,0,0,0,0,0,0,0,0
85,Guam,549.0,164,304.1,1260.666667,2.9466666669999997,14323.693330000002,9.573333332999999,12.55333333,77.87333333,0.2,14.0,85.7,10.7,88.0,88.0,202.2666667,792.4,0.3,94.5,1.4,24.7,14.0,7.873333333,2.02,4.8,89.8,89.8,12.714,81.5,76.4,101.9666667,105.15333329999999,97.21333333,93.61333333,50.08666667,34.67333333,0,0,0,0,0,0,0,0,0,0,0,0,0,0,0,0,0,0,0,1,0,0
87,Guinea-Bissau,36125.0,1861,66.2,978.0,4.8,530.0,45.0,14.5,40.5,60.1,5.8,34.1,6.5,137.0,138.0,885.0,212.0,2.6,49.3,4.1,41.5,4.9,5.6,1.6,2.2,33.5,8.5,9.03,57.7,54.3,107.09333329999998,109.62666670000002,71.69333333,70.48666667,23.44,19.72666667,0,0,0,0,0,0,0,0,0,0,0,0,1,0,0,0,0,0,0,0,0,0
88,Guinea,245857.0,12717,51.8,8875.0,0.1,703.9,19.8,32.8,47.4,69.7,7.4,22.9,6.8,130.0,131.0,1753.0,2082.0,2.3,37.2,3.8,42.3,5.2,5.6,1.4266666669999999,3.2,34.1,11.8,8.65,58.4,57.4,83.8,98.6,30.7,46.8,6.7,14.9,0,0,0,0,0,0,0,0,0,0,0,0,1,0,0,0,0,0,0,0,0,0
89,Guyana,214969.0,778,4.0,3282.0,3.1,4278.8,17.6,31.7,50.6,18.4,25.4,56.2,11.3,142.0,143.0,1453.0,1625.0,0.6,28.6,0.8,29.0,8.6,5.2,1.84,3.2,87.9,82.0,0.97,68.6,64.0,83.9,86.9,89.0,89.7,16.8,8.2,0,0,0,0,0,0,1,0,0,0,0,0,0,0,0,0,0,0,0,0,0,0
90,Haiti,27750.0,10981,398.4,8501.0,1.7,793.7,16.7,38.2,45.1,46.9,12.6,40.6,12.9,163.0,166.0,984.0,3316.0,1.4,58.6,3.8,33.0,7.3,7.6,1.2066666670000001,4.986666667,33.6,19.2,11.73,64.4,60.2,105.41333329999999,107.63333329999999,71.69333333,70.48666667,26.64,21.03333333,0,0,0,0,0,1,0,0,0,0,0,0,0,0,0,0,0,0,0,0,0,0
91,Holy See,0.0,1,1800.0,2791.533333,2.9,36584.62,4.72,18.86,76.40666667,7.3266666670000005,19.34666667,73.24666667,9.34,102.4666667,102.4666667,343.6666667,1124.533333,0.0,100.0,0.0,24.66666667,15.13333333,8.16,2.02,4.853333333,89.54666667,89.68666667,12.714,78.39333333,73.42,98.99333333,100.32,95.01333333,92.93333333,49.42,33.40666667,0,1,0,0,0,0,0,0,0,0,0,0,0,0,0,0,0,0,0,0,0,0
92,Honduras,112492.0,9265,82.8,20365.0,3.6,2521.9,13.0,25.1,61.9,29.4,21.6,49.0,5.6,122.0,119.0,3657.0,8448.0,1.8,54.7,3.1,31.6,7.0,8.7,2.693333333,5.9,86.7,77.7,2.86,75.4,70.4,110.1,111.3,77.0,64.8,25.4,18.8,0,0,0,0,0,0,0,0,0,0,0,1,0,0,0,0,0,0,0,0,0,0
94,Iceland,103000.0,335,3.3,16780.0,4.2,50936.0,6.4,24.0,69.7,4.0,17.7,78.2,3.6,117.0,117.0,4450.0,5703.0,0.6,94.1,1.3,20.1,20.1,8.9,3.8,7.8,98.7,100.0,9.204,83.8,80.6,98.6,99.7,121.0,116.3,103.1,60.2,0,0,0,0,0,0,0,0,0,0,0,0,0,0,0,0,0,1,0,0,0,0
100,Isle of Man,572.0,84,147.9,1026.733333,3.14,14346.52667,9.54,13.62,76.84,8.626666667,16.79333333,72.3,2.6,94.4,94.73333333,167.5333333,696.0666667,0.8,52.2,0.8,16.0,26.9,7.666666667,2.02,4.8,91.0,84.55333333,12.714,76.37333333,70.97333333,102.6733333,106.04666670000002,96.52,94.97333333,50.08666667,34.67333333,0,0,0,0,0,0,0,0,0,0,0,0,0,0,0,0,0,1,0,0,0,0
103,Jamaica,10990.0,2890,266.9,14262.0,1.0,5105.8,7.1,22.3,70.5,17.9,15.3,66.8,13.1,102.0,102.0,1202.0,4767.0,0.4,54.8,0.9,22.7,13.6,5.4,1.3866666669999999,5.5,79.9,84.1,0.42,77.9,73.1,105.85333329999999,109.28666670000001,85.1,79.2,34.6,20.1,0,0,0,0,0,1,0,0,0,0,0,0,0,0,0,0,0,0,0,0,0,0
105,Jordan,89318.0,9702,109.3,37517.0,2.4,4940.1,4.0,27.7,68.4,2.0,17.8,80.2,13.4,134.0,135.0,7509.0,19207.0,4.9,83.7,3.8,35.5,5.7,7.5,2.6,4.146666667,98.6,98.9,5.8,75.5,72.2,97.6,97.1,84.8,80.2,47.3,42.5,0,0,0,0,0,0,0,1,0,0,0,0,0,0,0,0,0,0,0,0,0,0
108,Kiribati,726.0,116,143.7,162.0,3.7,1442.9,24.1,13.6,62.2,20.64666667,15.91333333,61.23333333,12.14,61.0,61.0,3.0,116.0,1.8,44.3,1.8,35.0,6.4,10.2,0.2,4.993333333,51.2,30.6,20.05,68.9,62.4,106.1,102.9,92.6,87.99333333,39.58,27.86666667,0,0,0,0,0,0,0,0,0,0,0,0,0,0,0,0,0,0,0,1,0,0
110,Kyrgyzstan,199949.0,6045,31.5,6572.0,3.5,1106.4,15.4,25.9,58.7,29.2,21.0,49.8,7.7,108.0,110.0,1423.0,3844.0,1.6,35.7,1.6,31.8,7.6,6.5,1.9,5.5,89.1,95.6,12.16,74.3,66.4,106.8,107.9,92.8,91.4,53.3,40.8,0,0,0,0,0,0,0,0,0,0,0,0,0,0,0,0,0,0,0,0,1,0
111,Lao People's Democratic Republic,236800.0,6858,29.7,12585.0,7.6,1850.2,23.6,32.8,43.6,78.3,4.0,17.7,1.5,193.0,186.0,2066.0,4513.0,1.3,38.6,4.9,32.9,6.3,1.9,0.2,3.3,94.5,56.0,4.03,66.8,63.9,109.1,113.5,59.3,64.1,16.5,17.3,0,0,0,0,0,0,0,0,0,0,0,0,0,0,0,1,0,0,0,0,0,0
112,Latvia,64573.0,1950,31.3,27004.0,2.7,13704.1,3.2,23.3,73.5,7.3,23.0,69.7,9.6,130.0,130.0,11433.0,13596.0,-1.2,67.4,-0.7,15.4,26.2,5.9,3.2,5.3,90.8,81.5,3.857333333,78.7,68.8,99.2,100.1,119.1,119.9,79.2,55.5,0,0,0,0,0,0,0,0,0,0,0,0,0,0,0,0,0,1,0,0,0,0
113,Lebanon,10452.0,6082,594.6,50149.0,1.5,8571.4,3.2,19.6,77.2,8.2,22.4,69.4,7.0,95.0,95.0,3402.0,20409.0,6.0,87.8,3.2,23.1,12.0,6.4,2.4,2.6,80.7,80.7,2.04,80.9,77.3,88.3,96.6,61.0,61.5,45.7,39.5,0,0,0,0,0,0,0,1,0,0,0,0,0,0,0,0,0,0,0,0,0,0
114,Lesotho,30355.0,2233,73.6,2008.0,2.8,940.6,7.7,31.3,61.0,39.7,20.0,40.3,27.5,101.0,100.0,648.0,1727.0,1.3,27.3,3.0,35.4,6.7,10.6,1.106666667,5.086666667,37.3,27.6,4.11,54.7,50.1,104.0,107.0,62.0,45.7,11.7,8.0,0,0,0,0,0,0,0,0,0,0,0,0,0,0,1,0,0,0,0,0,0,0
115,Liberia,111369.0,4732,49.1,2053.0,0.3,455.9,70.8,11.4,17.9,45.3,11.7,43.0,4.1,104.0,121.0,641.0,727.0,2.6,49.7,3.4,41.8,4.9,10.0,2.613333333,2.8,28.0,5.9,61.73,61.6,59.8,89.1,98.5,32.5,41.9,9.0,14.2,0,0,0,0,0,0,0,0,0,0,0,0,1,0,0,0,0,0,0,0,0,0
116,Libya,1676198.0,6375,3.6,34457.0,-10.2,5488.2,0.9,67.1,32.0,19.1,25.1,55.8,19.2,113.0,114.0,4615.0,8876.0,0.2,78.6,1.1,28.2,6.6,5.0,2.1,4.38,96.8,95.7,0.51,74.4,68.8,93.25333333,101.8733333,55.73333333,58.66,23.86666667,22.84666667,0,0,1,0,0,0,0,0,0,0,0,0,0,0,0,0,0,0,0,0,0,0
117,Liechtenstein,160.0,38,237.0,6361.0,1.4,169491.8,0.7,40.1,59.2,2.5066666669999997,17.38666667,76.26,2.6,102.0,102.0,1918.266667,3685.666667,0.8,14.3,0.5,14.9,22.7,6.2,2.886666667,2.6,93.62,89.9,4.661333333,81.94666667,76.15333333,104.8,106.5,101.7,130.7,21.9,44.8,0,0,0,0,0,0,0,0,0,1,0,0,0,0,0,0,0,0,0,0,0,0
118,Lithuania,65286.0,2890,46.1,41402.0,1.8,14383.7,3.6,29.8,66.5,8.7,24.5,66.8,9.2,125.0,125.0,25025.0,27501.0,-1.3,66.5,-0.5,14.8,25.3,6.6,4.3,4.6,97.2,82.8,3.272,79.3,68.5,103.7,103.2,106.1,110.3,82.0,55.8,0,0,0,0,0,0,0,0,0,0,0,0,0,0,0,0,0,1,0,0,0,0
119,Luxembourg,2586.0,584,225.3,56802.0,3.5,100160.8,0.2,12.1,87.7,1.3,10.2,88.5,5.6,98.0,98.0,12838.0,19124.0,2.2,90.2,1.7,16.4,19.6,6.9,2.9,4.1,97.5,98.5,2.766666667,83.4,78.8,97.3,96.9,103.5,101.1,20.7,18.2,0,0,0,0,0,0,0,0,0,1,0,0,0,0,0,0,0,0,0,0,0,0
121,Malawi,118484.0,18622,197.5,6420.0,3.0,372.9,26.1,16.6,57.3,69.9,4.8,25.4,6.8,149.0,150.0,875.0,1649.0,2.9,16.3,3.8,44.0,4.3,11.4,2.313333333,5.6,47.3,39.8,16.53,63.1,58.2,147.0,144.0,41.0,45.8,0.6,1.0,0,0,0,0,0,0,0,0,0,0,0,0,0,0,0,0,1,0,0,0,0,0
123,Maldives,300.0,436,1454.4,3435.0,2.8,9446.5,3.1,22.0,74.9,7.7,22.8,69.5,2.9,65.0,65.0,140.0,2128.0,2.8,45.5,4.5,23.4,6.3,13.7,1.32,5.2,97.5,98.3,0.95,77.4,75.4,98.6,97.3,98.00666667,94.84,20.3,12.4,1,0,0,0,0,0,0,0,0,0,0,0,0,0,0,0,0,0,0,0,0,0
124,Mali,1240192.0,18542,15.2,13100.0,7.6,744.3,39.9,19.6,40.5,56.7,14.7,28.6,8.1,154.0,157.0,3030.0,2510.0,2.9,39.9,5.1,47.7,4.0,7.0,0.986666667,3.7,37.5,16.1,9.45,56.9,55.6,72.1,79.3,36.8,45.6,4.1,9.6,0,0,0,0,0,0,0,0,0,0,0,0,1,0,0,0,0,0,0,0,0,0
125,Malta,315.0,431,1346.4,9747.0,6.2,23280.7,1.4,15.0,83.6,1.2,20.9,77.9,5.4,96.0,96.0,4039.0,7182.0,0.5,95.4,0.5,14.4,26.1,9.7,3.9,7.8,100.0,100.0,5.185333333,82.0,78.6,104.7,102.2,98.1,91.7,55.2,40.3,0,1,0,0,0,0,0,0,0,0,0,0,0,0,0,0,0,0,0,0,0,0
126,Marshall Islands,181.0,53,295.2,183.0,0.6,3452.6,16.4,10.2,73.3,15.05333333,16.47333333,66.24666667,4.7,115.0,115.0,27.0,86.0,0.2,72.7,0.6,39.0,5.5,17.1,0.5,4.993333333,84.5,56.2,24.11,72.5,71.3,93.3,93.5,80.4,73.1,41.2,44.6,0,0,0,0,0,0,0,0,0,0,0,0,0,0,0,0,0,0,0,1,0,0
127,Martinique,1128.0,385,363.1,1079.866667,3.4,11743.026670000001,9.32,13.04666667,77.64,3.9,11.8,69.0,22.8,78.0,78.0,273.6,738.2666667000001,-0.5,88.9,0.2,17.7,25.7,7.873333333,2.02,5.046666667,94.0,72.7,9.264,84.4,77.8,104.1,107.64666670000001,95.18666667,91.64,46.46666667,33.09333333,0,0,0,0,0,1,0,0,0,0,0,0,0,0,0,0,0,0,0,0,0,0
128,Mauritania,1030700.0,4420,4.3,5023.0,1.2,1235.0,20.9,41.7,37.4,40.3,9.5,50.2,12.0,125.0,125.0,1623.0,2174.0,2.9,59.9,3.5,39.9,5.0,3.8,0.76,2.9,57.5,13.8,5.02,64.1,61.2,105.0,100.0,29.5,31.7,3.6,7.1,0,0,0,0,0,0,0,0,0,0,0,0,1,0,0,0,0,0,0,0,0,0
129,Mauritius,1969.0,1265,623.2,11511.0,3.5,9040.9,2.9,22.7,74.4,7.3,25.2,67.5,7.6,96.0,96.0,2194.0,4655.0,0.2,39.7,-0.1,18.4,16.6,4.8,1.3666666669999998,4.9,93.9,92.6,0.67,77.7,70.7,103.9,102.2,97.9,93.6,41.7,31.7,0,0,0,0,0,0,0,0,0,0,0,0,0,0,0,0,1,0,0,0,0,0
130,Mayotte,418.7333333,253,674.8,1710.266667,3.68,26984.073330000003,7.46,18.88,73.66666667,8.426666667000001,16.69333333,72.6,12.50666667,100.7333333,101.0,941.4,1741.2,2.8,47.0,1.9,40.6,5.8,8.326666667000001,1.8266666669999998,4.546666667,85.52,79.56666667,14.464,82.9,76.0,102.02,103.7933333,96.54666667,94.32666667,37.05333333,27.17333333,0,0,0,0,0,0,0,0,0,0,0,0,0,0,0,0,1,0,0,0,0,0
132,Micronesia (Federated States of),702.0,106,150.8,315.0,3.7,3015.2,27.8,6.5,65.8,16.79333333,16.65333333,64.32666667,12.14,99.0,99.0,6.0,40.0,0.2,22.4,0.3,33.1,8.0,13.7,1.32,12.5,85.1,49.0,34.11,69.8,67.7,95.7,95.4,94.47333333,89.68666667,43.1,29.07333333,0,0,0,0,0,0,0,0,0,0,0,0,0,0,0,0,0,0,0,1,0,0
133,Monaco,2.0,39,25969.8,6258.0,5.4,165870.6,1.04,13.4,86.6,2.52,18.24666667,75.26,9.16,101.7333333,102.33333329999999,1796.9333329999997,3335.7333329999997,0.6,100.0,0.8,22.64,18.67333333,4.3,6.6,1.0,100.0,90.14,3.5980000000000003,82.2,76.52666667,103.2866667,105.81333329999998,102.0733333,101.9666667,58.23333333,38.8,0,0,0,0,0,0,0,0,0,1,0,0,0,0,0,0,0,0,0,0,0,0
134,Mongolia,1564116.0,3076,2.0,11758.0,2.3,3973.4,14.8,34.1,51.1,28.4,20.7,51.0,6.3,147.0,149.0,4917.0,3358.0,1.9,72.0,2.8,29.7,6.6,4.7,2.9,4.6,66.4,42.6,2.21,72.7,64.5,100.0,101.8,92.4,90.5,79.7,57.7,0,0,0,0,0,0,0,0,0,0,0,0,0,0,0,0,0,0,1,0,0,0
135,Montenegro,13812.0,629,46.8,4020.0,4.5,6424.1,9.8,17.5,72.6,7.5,17.3,75.2,17.4,66.0,66.0,354.0,2263.0,0.1,64.0,0.3,18.1,21.3,6.4,2.3,4.7933333330000005,98.0,92.2,2.44,78.8,74.0,93.3,95.2,90.3,90.4,29.76,23.38,0,1,0,0,0,0,0,0,0,0,0,0,0,0,0,0,0,0,0,0,0,0
136,Montserrat,103.0,5,51.8,59.0,0.4,11553.4,1.4,12.7,85.9,10.22,17.64,69.91333333,5.6,103.0,103.0,4.0,36.0,0.7,9.0,0.7,19.7,19.6,6.506666667,1.38,5.02,92.18,91.56666667,12.05533333,80.20666667,73.82,102.8133333,106.82,97.84,95.44666667,43.1,29.07333333,0,0,0,0,0,1,0,0,0,0,0,0,0,0,0,0,0,0,0,0,0,0
140,Namibia,824116.0,2534,3.1,11491.0,5.3,4673.6,6.6,30.6,62.8,29.1,14.6,56.3,24.9,88.0,89.0,4816.0,6721.0,2.2,46.7,4.2,36.7,5.5,5.5,0.793333333,3.86,54.5,16.8,1.24,64.3,59.1,109.5,113.3,45.29333333,51.24,19.16666667,19.20666667,0,0,0,0,0,0,0,0,0,0,0,0,0,0,1,0,0,0,0,0,0,0
141,Nauru,21.0,11,568.0,189.0,18.7,18469.2,3.0,59.9,37.1,8.173333332999999,18.21333333,71.37333333,23.0,112.0,112.0,331.6666667,931.1333332999999,2.3,100.0,0.2,39.5,4.0,3.3,1.766666667,5.426666667,65.6,90.72666667,9.826,64.8,57.8,100.4,109.5,83.4,81.9,47.50666667,31.48666667,0,0,0,0,0,0,0,0,0,0,0,0,0,0,0,0,0,0,0,1,0,0
144,New Caledonia,18575.0,276,15.1,8937.0,3.2,33965.7,1.4,26.0,72.6,3.0,26.9,70.1,15.1,102.0,103.0,1344.0,2422.0,1.4,70.2,2.2,22.5,14.2,5.773333332999999,1.946666667,4.993333333,100.0,100.0,1.996666667,79.3,73.7,102.28,106.0,98.44,95.5,41.52666667,26.96,0,0,0,0,0,0,0,0,0,0,0,0,0,0,0,0,0,0,0,0,0,1
146,Nicaragua,130373.0,6218,51.7,12693.0,4.9,2086.9,18.8,26.8,54.4,24.1,14.5,61.4,6.1,130.0,130.0,2225.0,5927.0,1.2,58.8,2.0,29.0,8.4,9.0,0.9,4.146666667,76.5,55.7,3.68,77.5,71.4,105.28666670000001,106.76666670000002,74.90666667,75.14666667,32.18666667,28.21333333,0,0,0,0,0,0,0,0,0,0,0,1,0,0,0,0,0,0,0,0,0,0
147,Niger,1267000.0,21477,17.0,7143.0,3.6,359.0,39.6,19.1,41.3,62.3,14.4,23.3,2.7,148.0,148.0,927.0,1861.0,3.8,18.7,5.1,50.2,4.2,6.0,0.986666667,6.7,37.9,4.6,12.26,59.5,57.6,66.8,77.9,17.2,24.2,0.9,2.6,0,0,0,0,0,0,0,0,0,0,0,0,1,0,0,0,0,0,0,0,0,0
149,Niue,260.0,2,6.2,1443.866667,2.753333333,28864.9,3.92,15.27333333,80.79333333,8.486666667,17.28666667,73.12666667,9.173333332999999,101.0,101.0,197.66666669999998,696.2,-0.1,42.5,-0.9,22.8,20.1,7.4,2.02,4.8,100.0,100.0,12.714,76.3,70.1,120.2,147.2,114.1,104.1,50.08666667,34.67333333,0,0,0,1,0,0,0,0,0,0,0,0,0,0,0,0,0,0,0,0,0,0
150,Northern Mariana Islands,457.0,55,119.9,3836.6,3.32,38787.41333,1.486666667,20.08,78.43333333,6.466666667,18.63333333,72.62,9.826666667000001,97.73333333,98.0,1735.0,4553.0,0.1,89.2,0.4,23.5,10.0,6.973333332999999,1.92,4.846666667,79.7,79.7,9.758,77.9,74.9,102.0866667,105.27333329999999,96.72666667,95.28666667,44.32666667,31.13333333,0,0,0,0,0,0,0,0,0,0,0,0,0,0,0,0,0,0,0,1,0,0
152,Oman,309500.0,4636,15.0,69832.0,5.7,15550.8,1.5,51.1,47.3,5.0,39.6,55.4,17.8,134.0,134.0,24455.0,23260.0,6.5,77.6,8.5,21.8,4.0,3.6,1.5,5.0,97.3,94.7,4.144666667,78.7,74.5,111.2,107.4,107.9,101.0,29.67333333,25.67333333,0,0,0,0,0,0,0,1,0,0,0,0,0,0,0,0,0,0,0,0,0,0
154,Palau,459.0,22,47.2,258.0,5.7,12122.5,3.8,8.0,88.2,10.22,17.64,69.91333333,11.80666667,96.4,96.66666667,7.0,154.0,0.8,87.1,1.7,20.3,13.1,9.0,1.32,5.02,100.0,100.0,5.05,77.8,68.1,99.0,100.3,95.2,96.2,76.1,49.1,0,0,0,0,0,0,0,0,0,0,0,0,0,0,0,0,0,0,0,1,0,0
155,Panama,75320.0,4099,55.1,52132.0,5.8,13268.1,2.8,27.1,70.0,14.5,19.6,65.9,6.2,117.0,118.0,636.0,11697.0,1.7,66.6,2.1,27.4,11.4,8.0,1.6,3.2,83.5,58.0,0.02,80.5,74.3,100.9,103.5,78.3,72.9,46.5,31.2,0,0,0,0,0,0,0,0,0,0,0,1,0,0,0,0,0,0,0,0,0,0
156,Papua New Guinea,462840.0,8251,18.2,21315.0,6.6,2797.6,20.1,28.2,51.8,68.3,5.7,26.0,2.5,84.0,83.0,8760.0,8874.0,2.2,13.0,2.1,35.9,6.1,4.3,1.086666667,3.94,56.4,13.3,3.51,67.4,62.6,109.3,119.8,34.6,45.8,15.44,17.26,0,0,0,0,0,0,0,0,0,0,0,0,0,0,0,0,0,0,0,0,0,1
157,Paraguay,406752.0,6811,17.1,27714.0,3.1,4174.4,19.0,29.5,51.6,19.6,19.5,61.0,5.5,160.0,166.0,8494.0,9753.0,1.3,59.7,2.1,29.4,9.4,9.8,1.3,5.0,95.5,78.4,0.22,74.9,70.7,104.3,107.6,79.1,74.2,12.63333333,14.81333333,0,0,0,0,0,0,1,0,0,0,0,0,0,0,0,0,0,0,0,0,0,0
165,Republic of Moldova,33846.0,4051,123.3,6475.0,-0.7,1591.4,13.4,20.8,65.8,28.8,30.9,40.3,5.0,109.0,109.0,2045.0,4020.0,-0.1,45.0,-0.7,15.7,17.6,10.3,2.5,7.5,87.8,67.1,4.49,75.2,66.7,91.9,92.9,86.5,85.8,47.4,35.3,0,0,0,0,0,0,0,0,0,0,1,0,0,0,0,0,0,0,0,0,0,0
168,Rwanda,26338.0,12208,494.9,8096.0,6.9,697.3,34.6,15.1,50.3,75.0,7.2,17.8,2.4,139.0,139.0,622.0,1778.0,2.5,28.8,6.4,40.1,4.9,7.5,1.26,3.6,58.5,62.9,13.67,67.1,63.1,133.4,131.7,38.2,35.2,6.9,9.1,0,0,0,0,0,0,0,0,0,0,0,0,0,0,0,0,1,0,0,0,0,0
169,Saint Helena,308.0,4,10.4,825.0,2.66,20857.606669999997,11.09333333,15.22666667,73.67333333,8.626666667,16.79333333,72.3,9.326666667000001,99.13333333,99.13333333,0.0,48.0,-0.7,39.4,-0.6,24.88666667,14.78666667,8.18,1.773333333,4.566666667,89.02,81.93333333,13.454,77.00666667,71.62666667,102.86,106.39333329999998,98.24,96.80666667,46.94,32.64,0,0,0,0,0,0,0,0,0,0,0,0,1,0,0,0,0,0,0,0,0,0
170,Saint Kitts and Nevis,261.0,55,212.9,876.0,3.8,15771.9,1.2,28.1,70.7,8.446666667,17.80666667,71.5,11.66666667,39.0,39.0,51.0,332.0,1.1,32.0,1.3,23.74,17.56,5.1,1.553333333,2.8,90.90666667,90.75333333,3.93,79.48,73.27333333,83.4,81.7,92.8,88.0,107.2,52.6,0,0,0,0,0,1,0,0,0,0,0,0,0,0,0,0,0,0,0,0,0,0
171,Saint Lucia,539.0,179,293.2,1450.0,1.9,7839.4,2.7,12.9,84.4,14.8,17.6,67.6,19.0,69.0,69.0,120.0,654.0,0.5,18.5,0.9,18.9,13.7,6.7,1.32,4.9,84.7,91.9,0.97,77.6,72.2,105.54666670000002,108.96,84.8,85.5,22.0,11.6,0,0,0,0,0,1,0,0,0,0,0,0,0,0,0,0,0,0,0,0,0,0
172,Saint Pierre and Miquelon,242.0,6,27.5,2538.333333,2.853333333,39693.73333,1.3466666669999998,20.18,78.46666667,7.66,17.41333333,72.64666667,10.64666667,112.0,112.0,653.0,2629.0,0.0,90.4,0.1,22.46666667,17.25333333,6.373333333,1.92,4.626666667,91.12,92.04,12.714,79.32666667,73.48,101.6733333,105.27333329999999,97.15333333,96.32666667,47.76,32.81333333,0,0,0,0,0,0,0,0,0,0,0,0,0,1,0,0,0,0,0,0,0,0
173,Saint Vincent and the Grenadines,389.0,110,281.8,738.0,1.6,6739.2,7.5,17.2,75.3,22.1,16.1,61.8,19.1,115.0,115.0,47.0,335.0,0.0,50.6,0.7,23.8,11.7,8.6,1.32,4.993333333,87.13333333,83.69333333,1.8,74.9,70.7,103.2,105.8,105.0,107.9,43.1,29.07333333,0,0,0,0,0,1,0,0,0,0,0,0,0,0,0,0,0,0,0,0,0,0
174,Samoa,2842.0,196,69.4,774.0,2.8,4006.0,9.3,24.2,66.6,5.3,14.8,79.8,6.5,107.0,107.0,56.0,350.0,0.8,19.1,-0.2,36.6,8.5,7.2,1.32,4.993333333,93.3,91.1,12.75,77.4,71.1,106.7,106.7,89.5,80.7,39.58,27.86666667,0,0,0,1,0,0,0,0,0,0,0,0,0,0,0,0,0,0,0,0,0,0
175,San Marino,61.0,33,556.7,1565.0,1.0,49240.2,0.1,33.3,66.6,3.213333333,17.62,76.92666667,6.6,105.66666670000001,106.26666670000002,863.3333332999998,1531.133333,1.2,94.2,0.6,15.0,24.1,6.1,6.4,2.4,91.72,91.5,6.006,86.4,81.7,92.6,93.9,95.9,93.5,69.9,50.5,0,1,0,0,0,0,0,0,0,0,0,0,0,0,0,0,0,0,0,0,0,0
176,Sao Tome and Principe,964.0,204,212.8,334.0,4.0,1752.8,12.3,14.7,73.0,22.2,13.5,64.3,13.6,119.0,119.0,10.0,139.0,2.2,65.1,3.6,42.8,4.3,8.1,1.32,3.8,40.8,23.3,12.39,68.2,64.0,112.2,117.7,91.7,80.8,13.6,13.2,0,0,0,0,1,0,0,0,0,0,0,0,0,0,0,0,0,0,0,0,0,0
178,Senegal,196712.0,15851,82.3,13633.0,6.5,901.1,15.5,24.1,60.4,51.4,20.7,27.9,9.3,126.0,127.0,2640.0,5478.0,3.0,43.7,3.6,42.9,4.7,4.7,1.84,7.4,65.4,33.8,6.49,67.5,63.8,86.9,77.6,49.1,50.2,7.8,12.9,0,0,0,0,0,0,0,0,0,0,0,0,1,0,0,0,0,0,0,0,0,0
179,Serbia,88499.0,8791,100.5,37160.0,0.8,5238.6,8.2,31.4,60.5,19.4,24.5,56.1,15.5,102.0,102.0,14852.0,19231.0,-0.4,55.6,-0.3,16.5,24.5,10.4,2.5,4.2,98.2,94.2,0.9,77.5,71.8,101.2,101.5,97.4,96.0,66.9,50.2,0,1,0,0,0,0,0,0,0,0,0,0,0,0,0,0,0,0,0,0,0,0
180,Seychelles,457.0,95,206.0,1363.0,6.8,14133.2,2.7,13.6,83.8,3.6,17.9,78.2,4.1,105.0,109.0,335.0,833.0,0.5,53.9,1.1,22.2,13.3,3.4,1.0,3.6,98.4,98.4,0.5,77.9,68.7,103.6,101.1,84.5,78.8,19.6,9.3,0,0,0,0,0,0,0,0,0,0,0,0,0,0,0,0,1,0,0,0,0,0
181,Sierra Leone,72300.0,7557,104.7,4483.0,-20.3,694.8,51.4,17.6,31.1,68.0,6.5,25.5,3.1,168.0,168.0,466.0,958.0,2.3,39.9,2.7,42.1,4.2,11.1,2.0066666669999997,2.7,22.8,6.9,21.56,50.7,49.6,128.2,127.0,40.1,46.5,37.39333333,31.13333333,0,0,0,0,0,0,0,0,0,0,0,0,1,0,0,0,0,0,0,0,0,0
183,Sint Maarten (Dutch part),34.0,40,1180.0,1094.0,0.5,28241.7,0.1,12.3,87.6,4.78,17.5,75.48666667,10.41333333,101.7333333,101.7333333,583.0,1503.066667,3.1,100.0,2.0,21.0,10.4,6.613333333,1.766666667,4.8,91.52,90.82666667,7.865333333,77.1,69.2,102.06,105.82,98.76666667,96.46,54.03333333,34.76666667,0,0,0,0,0,1,0,0,0,0,0,0,0,0,0,0,0,0,0,0,0,0
184,Slovakia,49035.0,5448,113.3,87268.0,3.8,16082.5,3.7,34.8,61.5,3.3,34.5,62.2,9.9,97.0,97.0,77565.0,75156.0,0.1,53.6,-0.3,15.4,21.8,8.1,3.4,4.2,99.4,98.2,1.5866666669999998,79.8,72.6,99.2,100.2,92.8,92.1,64.6,41.8,0,0,0,0,0,0,0,0,0,0,1,0,0,0,0,0,0,0,0,0,0,0
185,Slovenia,20273.0,2080,103.3,42777.0,2.3,20689.8,2.4,32.7,64.9,8.9,29.6,61.5,8.1,89.0,89.0,27585.0,26646.0,0.3,49.7,0.1,15.0,26.3,9.2,2.8,5.5,99.1,99.1,3.542,83.2,77.2,99.4,99.2,110.5,110.8,98.5,68.2,0,1,0,0,0,0,0,0,0,0,0,0,0,0,0,0,0,0,0,0,0,0
186,Solomon Islands,28896.0,611,21.8,1075.0,3.2,1841.6,28.2,15.6,56.3,48.1,2.4,49.5,31.4,118.0,118.0,437.0,454.0,2.1,22.3,4.2,38.8,5.4,5.1,0.2,5.086666667,81.4,15.0,16.47,71.1,68.3,113.6,115.0,47.0,49.8,23.19333333,18.74666667,0,0,0,0,0,0,0,0,0,0,0,0,0,0,0,0,0,0,0,0,0,1
187,Somalia,637657.0,14742,23.5,1559.0,2.7,144.5,60.2,7.4,32.5,72.0,4.8,23.2,6.6,112.0,112.0,925.0,530.0,2.9,39.6,4.1,46.4,4.4,5.006666667,0.0,4.106666667,52.0,6.3,22.85,56.5,53.3,97.34,107.4733333,51.2,58.09333333,15.76666667,16.64,0,0,0,0,0,0,0,0,0,0,0,0,0,0,0,0,1,0,0,0,0,0
189,South Sudan,658841.0,12576,20.6,13167.0,2.0,1067.0,4.6,58.0,37.4,47.42,13.61333333,38.97333333,10.83333333,123.66666670000001,124.4,2389.0,750.0,3.3,18.8,5.1,41.7,5.1,2.7,1.0,1.8,16.4,4.5,21.07,56.0,54.1,53.1,74.9,6.6,12.3,21.52666667,21.58,0,0,0,0,0,0,0,0,0,0,0,0,0,0,0,0,1,0,0,0,0,0
192,State of Palestine,6020.0,4921,817.4,12677.0,3.5,2715.5,4.8,23.4,71.9,8.7,29.8,61.5,24.2,90.0,90.0,929.0,5058.0,2.7,75.3,2.8,39.6,4.6,6.6333333329999995,1.3866666669999999,1.3,93.0,90.2,17.52,74.8,71.1,94.3,94.4,87.0,79.2,54.4,34.5,0,0,0,0,0,0,0,1,0,0,0,0,0,0,0,0,0,0,0,0,0,0
194,Suriname,163820.0,563,3.6,4879.0,-2.7,8985.3,11.4,27.4,61.1,3.4,22.3,74.3,9.9,152.0,152.0,1437.0,1244.0,1.0,66.0,0.8,26.4,10.4,5.7,2.066666667,4.82,88.4,61.4,0.32,74.2,67.8,121.4,124.2,90.9,71.7,20.03333333,20.34666667,0,0,0,0,0,0,1,0,0,0,0,0,0,0,0,0,0,0,0,0,0,0
195,Swaziland,17363.0,1367,79.5,4133.0,1.7,3211.7,6.6,42.1,51.3,22.0,17.0,61.0,25.1,114.0,115.0,1881.0,733.0,1.8,21.3,1.3,37.2,4.8,9.3,1.146666667,7.0,63.1,56.0,2.39,58.2,51.6,108.0,117.5,65.8,66.2,5.5,5.2,0,0,0,0,0,0,0,0,0,0,0,0,0,0,1,0,0,0,0,0,0,0
198,Syrian Arab Republic,185180.0,18270,99.5,28393.0,-5.3,1534.5,20.7,30.0,49.3,18.5,39.2,42.3,13.8,65.0,68.0,1265.0,2383.0,-2.3,57.7,1.4,36.6,6.8,3.3,1.5,4.493333333,96.2,95.1,3.702,76.3,64.4,78.7,81.4,50.5,50.5,47.0,41.3,0,0,0,0,0,0,0,1,0,0,0,0,0,0,0,0,0,0,0,0,0,0
199,Tajikistan,142600.0,8921,63.7,7853.0,4.2,925.9,25.0,28.0,47.1,57.2,13.4,29.4,10.8,155.0,172.0,899.0,3030.0,2.2,26.8,2.6,35.3,5.8,6.9,1.7,5.2,93.8,95.5,4.55,73.5,67.7,101.2,99.8,83.1,92.5,24.0,33.6,0,0,0,0,0,0,0,0,0,0,0,0,0,0,0,0,0,0,0,0,1,0
201,The former Yugoslav Republic of Macedonia,25713.0,2083,82.6,10052.0,3.8,4836.1,12.0,27.9,65.1,16.2,29.2,54.5,27.3,111.0,112.0,4785.0,6757.0,0.1,57.1,0.1,16.7,19.5,6.5,2.8,4.986666667,97.2,82.6,2.18,77.2,73.2,92.8,93.6,78.2,80.3,46.8,37.5,0,1,0,0,0,0,0,0,0,0,0,0,0,0,0,0,0,0,0,0,0,0
202,Timor-Leste,14919.0,1296,87.2,2873.0,4.3,2425.4,5.2,79.9,14.9,50.8,2.0,47.2,4.3,111.0,117.0,94.0,647.0,2.2,32.8,3.8,43.6,5.4,1.5,0.1,7.8,69.0,26.8,8.89,69.5,66.1,136.2,137.5,79.6,74.1,20.5,16.46,0,0,0,0,0,0,0,0,0,0,0,0,0,0,0,1,0,0,0,0,0,0
203,Togo,56785.0,7798,143.4,4086.0,5.5,559.4,45.7,19.7,34.6,62.5,8.7,28.7,6.8,140.0,143.0,715.0,1716.0,2.6,40.0,3.8,41.6,4.6,5.2,1.9,5.2,24.7,2.9,5.51,59.8,58.3,118.5,125.1,74.93333333,75.19333333,6.4,14.9,0,0,0,0,0,0,0,0,0,0,0,0,1,0,0,0,0,0,0,0,0,0
204,Tokelau,12.0,1,130.0,960.6,3.866666667,25537.3,7.3,19.44,73.25333333,8.626666667,16.79333333,72.3,9.486666667,112.0,112.0,0.0,1.0,1.9,0.0,0.0,28.3,12.2,8.18,1.773333333,4.566666667,89.98,90.5,13.454,76.73333333,71.32,114.3,121.0,120.7,129.1,46.94,32.64,0,0,0,1,0,0,0,0,0,0,0,0,0,0,0,0,0,0,0,0,0,0
205,Tonga,747.0,108,150.0,402.0,3.8,3784.5,22.4,21.5,56.1,33.3,28.2,38.5,4.8,134.0,134.0,14.0,209.0,0.4,23.7,0.7,35.8,8.5,5.2,1.32,4.993333333,97.6,89.0,18.3,75.6,69.6,107.5,108.6,94.2,86.4,43.1,29.07333333,0,0,0,1,0,0,0,0,0,0,0,0,0,0,0,0,0,0,0,0,0,0
206,Trinidad and Tobago,5127.0,1369,266.9,25927.0,0.2,19062.9,0.5,42.5,57.0,4.1,31.6,64.3,4.2,95.0,95.0,4576.0,4826.0,0.5,8.4,-1.2,20.7,15.0,5.9,1.513333333,4.7,91.5,91.5,3.579333333,73.8,66.9,101.38,103.94,97.86,94.99333333,42.55333333,26.53333333,0,0,0,0,0,1,0,0,0,0,0,0,0,0,0,0,0,0,0,0,0,0
207,Tunisia,163610.0,11532,74.2,41199.0,0.8,3660.9,10.3,27.8,62.0,11.7,29.4,58.9,14.6,108.0,108.0,13483.0,19456.0,1.2,66.8,1.4,24.0,12.3,7.0,1.6,6.3,97.4,79.8,1.14,77.1,73.0,112.5,115.8,94.2,90.0,43.3,26.2,0,0,1,0,0,0,0,0,0,0,0,0,0,0,0,0,0,0,0,0,0,0
209,Turkmenistan,488100.0,5758,12.3,37597.0,6.5,6996.7,13.4,51.0,35.6,17.9,37.4,44.7,8.6,103.0,109.0,3741.0,2616.0,1.8,50.0,1.9,30.9,7.3,2.1,2.3,3.1,63.98666667,43.10666667,0.07,70.8,63.9,88.6,90.1,83.7,86.9,6.2,9.7,0,0,0,0,0,0,0,0,0,0,0,0,0,0,0,0,0,0,0,0,1,0
210,Turks and Caicos Islands,948.0,35,37.3,863.0,4.1,25121.8,0.6,10.4,89.0,4.78,17.5,75.48666667,10.70666667,97.93333333,97.93333333,4.0,389.0,2.0,92.2,2.5,19.2,7.6,6.613333333,1.766666667,3.3,90.84,90.56,7.865333333,77.8,75.8,102.7666667,106.6133333,99.37333333,97.42,52.12,34.37333333,0,0,0,0,0,1,0,0,0,0,0,0,0,0,0,0,0,0,0,0,0,0
211,Tuvalu,26.0,11,373.1,33.0,3.5,3362.4,26.0,7.6,66.4,15.05333333,16.47333333,66.24666667,12.14,110.0,110.0,0.0,12.0,0.9,59.7,1.9,31.1,9.9,16.5,1.32,4.993333333,86.3,80.2,63.52,77.93333333,72.64666667,104.3,103.0,97.5,76.0,43.1,29.07333333,0,0,0,1,0,0,0,0,0,0,0,0,0,0,0,0,0,0,0,0,0,0
218,United States Virgin Islands,347.0,105,299.7,1600.933333,2.773333333,28593.88667,5.44,14.91333333,79.63333333,10.9,24.0,65.2,9.0,109.0,109.0,169.7333333,716.0666667,-0.2,95.3,0.3,20.1,25.3,8.22,2.02,4.8,96.4,96.4,12.714,81.5,76.7,101.3933333,104.54,97.72666667,95.26,50.08666667,34.67333333,0,0,0,0,0,1,0,0,0,0,0,0,0,0,0,0,0,0,0,0,0,0
219,Uruguay,173626.0,3457,19.8,53442.0,1.0,15573.8,6.8,28.0,65.2,8.7,20.5,70.8,8.8,129.0,130.0,6964.0,8137.0,0.3,95.3,0.5,21.1,19.5,8.6,2.393333333,4.4,96.6,92.6,0.04,80.4,73.2,107.3,109.8,100.0,90.3,33.42666667,29.55333333,0,0,0,0,0,0,1,0,0,0,0,0,0,0,0,0,0,0,0,0,0,0
221,Vanuatu,12189.0,276,22.7,737.0,-1.0,2783.0,26.7,8.4,64.9,61.4,6.8,31.8,5.3,123.0,122.0,50.0,416.0,2.3,26.1,3.4,35.9,6.7,5.0,0.2,5.5,65.1,55.4,12.32,73.6,69.4,118.7,120.6,56.4,53.4,28.46666667,22.06,0,0,0,0,0,0,0,0,0,0,0,0,0,0,0,0,0,0,0,0,0,1
224,Wallis and Futuna Islands,142.0,12,84.1,960.6,3.866666667,25537.3,7.3,19.44,73.25333333,8.626666667,16.79333333,72.3,9.486666667,115.0,115.0,1.0,53.0,-2.1,0.0,0.0,25.5,15.4,8.18,1.773333333,4.566666667,86.88666667,81.93333333,13.454,78.7,72.8,100.9066667,104.9,98.24,96.80666667,46.94,32.64,0,0,0,1,0,0,0,0,0,0,0,0,0,0,0,0,0,0,0,0,0,0
225,Western Sahara,266000.0,553,2.1,83410.33333,3.28,7184.573333,14.98,32.27333333,52.74666667,37.4,27.9,34.7,6.8,100.0,100.0,25458.266669999997,27233.266669999997,1.8,80.9,3.3,28.1,5.4,5.886666667,2.193333333,4.2533333330000005,74.32,62.62,3.9946666669999997,70.3,66.9,100.33333329999999,102.5266667,78.12666667,79.5,43.46,34.34,0,0,1,0,0,0,0,0,0,0,0,0,0,0,0,0,0,0,0,0,0,0
227,Zambia,752612.0,17094,23.0,21255.0,2.9,1311.1,8.2,32.3,59.5,54.8,9.9,35.3,7.4,179.0,180.0,6505.0,7442.0,3.0,40.9,4.3,44.8,3.7,5.0,0.2,3.893333333,55.6,35.7,3.96,61.9,57.5,104.0,103.3,46.12666667,52.76,3.4,4.5,0,0,0,0,0,0,0,0,0,0,0,0,0,0,0,0,1,0,0,0,0,0
228,Zimbabwe,390757.0,16530,42.7,13893.0,1.1,890.4,13.0,30.5,56.5,67.5,7.3,25.2,5.0,99.0,98.0,2832.0,5212.0,2.3,32.4,2.3,41.2,4.2,6.0,0.1,8.4,49.3,30.8,6.0,59.0,56.1,99.1,100.8,47.1,48.1,8.0,8.9,0,0,0,0,0,0,0,0,0,0,0,0,0,0,0,0,1,0,0,0,0,0
